,City,Lat,Lng,Max Temp,Humidity,Cloudiness,Wind Speed,Country,Date
0,carnarvon,-24.8667,113.6333,298.15,100,40,3.6,AU,1613163872
1,upernavik,72.7868,-56.1549,255.14,80,0,3.04,GL,1613163651
2,zyryanka,65.75,150.85,239.5,85,95,1.77,RU,1613163794
3,severo-kurilsk,50.6789,156.125,270.47,95,80,4.8,RU,1613163869
4,cape town,-33.9258,18.4232,294.82,83,0,7.72,ZA,1613163482
5,faya,18.3851,42.4509,288.15,72,0,2.57,SA,1613163797
6,dunedin,-45.8742,170.5036,288.15,76,100,9.39,NZ,1613163873
7,albany,42.6001,-73.9662,265.93,34,89,1.94,US,1613163770
8,ukiah,39.1502,-123.2078,286.48,67,75,3.6,US,1613163873
9,yarada,17.65,83.2667,293.15,94,50,1.03,IN,1613163873
10,botwood,49.1499,-55.3482,272.04,81,100,2.24,CA,1613163873
11,oranjemund,-28.55,16.4333,291.92,84,74,5.15,NA,1613163874
12,vaini,-21.2,-175.2,302.15,79,75,3.6,TO,1613163874
13,san cristobal,7.7669,-72.225,303.15,51,40,5.14,VE,1613163874
14,khorinsk,52.1657,109.7726,247.33,84,1,2.52,RU,1613163874
15,rikitea,-23.1203,-134.9692,299.85,72,42,4.4,PF,1613163874
16,new norfolk,-42.7826,147.0587,288.71,65,46,0.89,AU,1613163874
17,ancud,-41.8697,-73.8203,294.15,49,0,3.09,CL,1613163738
18,hofn,64.2539,-15.2082,277.93,73,100,9.12,IS,1613163761
19,kaitangata,-46.2817,169.8464,287.59,81,87,2.68,NZ,1613163822
20,bereda,43.2686,-7.5406,282.59,95,100,2.68,ES,1613163875
21,loiza,18.4313,-65.8802,301.15,57,40,6.69,PR,1613163875
22,husavik,66.0449,-17.3389,270.15,74,0,2.06,IS,1613163876
23,esperance,-33.8667,121.9,286.15,88,19,1.54,AU,1613163666
24,porto santo,33.072,-16.3415,289.15,77,0,2.57,PT,1613163876
25,castro,-24.7911,-50.0119,291.82,93,99,0.45,BR,1613163876
26,lumding,25.7535,93.1732,287.68,72,0,0.52,IN,1613163876
27,tuktoyaktuk,69.4541,-133.0374,254.15,78,75,4.12,CA,1613163756
28,pangnirtung,66.1451,-65.7125,251.15,84,20,1.54,CA,1613163824
29,butaritari,3.0707,172.7902,300.35,83,44,4.69,KI,1613163675
30,mar del plata,-38.0023,-57.5575,294.82,94,90,7.2,AR,1613163764
31,ushuaia,-54.8,-68.3,289.15,36,40,9.26,AR,1613163582
32,kaeo,-35.1,173.7833,294.26,69,0,1.79,NZ,1613163878
33,port alfred,-33.5906,26.891,295.93,95,65,3.58,ZA,1613163758
34,douala,4.0483,9.7043,300.77,79,46,2.53,CM,1613163878
35,gold coast,-28.0,153.4333,298.15,69,92,5.66,AU,1613163613
36,yellowknife,62.456,-114.3525,249.26,76,1,1.03,CA,1613163878
37,coihaique,-45.5752,-72.0662,298.15,25,0,5.14,CL,1613163780
38,amapa,1.0,-52.0,298.84,95,81,1.45,BR,1613163821
39,ketchikan,55.3422,-131.6461,275.15,32,1,8.75,US,1613163879
40,sembakung,3.8167,117.25,296.4,98,100,1.05,ID,1613163879
41,jamestown,42.097,-79.2353,271.48,46,1,1.54,US,1613163879
42,puerto ayora,-0.7393,-90.3518,301.15,74,75,3.6,EC,1613163879
43,bathsheba,13.2167,-59.5167,301.15,57,40,9.26,BB,1613163880
44,ribeira grande,38.5167,-28.7,289.15,77,40,10.29,PT,1613163880
45,puerto escondido,15.85,-97.0667,301.15,74,20,5.14,MX,1613163881
46,chuhar kana,31.75,73.8,285.15,100,90,1.44,PK,1613163881
47,east london,-33.0153,27.9116,298.82,79,67,4.69,ZA,1613163652
48,busselton,-33.65,115.3333,287.04,89,0,4.23,AU,1613163657
49,komsomolskiy,40.4272,71.7189,282.15,46,100,3.09,UZ,1613163881
50,mehran,33.1222,46.1646,279.15,65,0,2.06,IR,1613163882
51,punta arenas,-53.15,-70.9167,288.15,47,0,5.66,CL,1613163882
52,cherskiy,68.75,161.3,240.02,76,0,0.48,RU,1613163865
53,mataura,-46.1927,168.8643,287.04,88,100,0.45,NZ,1613163827
54,katsuura,35.1333,140.3,280.15,76,75,2.06,JP,1613163883
55,pisco,-13.7,-76.2167,302.15,54,0,7.2,PE,1613163883
56,sawtell,-30.3833,153.1,296.15,78,75,3.6,AU,1613163883
57,verkhniy avzyan,53.5289,57.5372,273.03,98,98,2.43,RU,1613163883
58,srednekolymsk,67.45,153.6833,239.61,82,0,2.84,RU,1613163883
59,katangli,51.7102,143.2326,262.66,97,100,2.07,RU,1613163883
60,brae,60.3964,-1.353,275.15,51,90,11.32,GB,1613163884
61,luderitz,-26.6481,15.1594,291.97,80,3,3.41,NA,1613163805
62,curup,-3.4667,102.5333,294.15,93,100,0.99,ID,1613163884
63,jiuquan,39.7432,98.5174,273.37,78,58,0.85,CN,1613163795
64,avarua,-21.2078,-159.775,301.15,74,40,2.06,CK,1613163768
65,belfast,54.5833,-5.9333,274.26,64,75,7.2,GB,1613163687
66,kapaa,22.0752,-159.319,297.59,64,20,4.63,US,1613163885
67,port augusta,-32.5,137.7667,292.15,68,90,5.66,AU,1613163885
68,saint-georges,12.0564,-61.7485,301.15,69,75,9.26,GD,1613163885
69,touros,-5.1989,-35.4608,301.15,74,20,6.17,BR,1613163799
70,vardo,70.3705,31.1107,263.15,92,75,6.69,NO,1613163808
71,macae,-22.3708,-41.7869,300.15,78,40,4.63,BR,1613163886
72,ati,13.2154,18.3353,297.85,18,24,3.45,TD,1613163886
73,otane,-39.8833,176.6333,292.92,53,0,1.89,NZ,1613163886
74,bredasdorp,-34.5322,20.0403,295.15,73,0,2.06,ZA,1613163756
75,chapais,49.7834,-74.8492,255.15,78,90,3.09,CA,1613163764
76,tasiilaq,65.6145,-37.6368,271.15,74,90,16.46,GL,1613163832
77,victoria,22.2855,114.1577,290.37,79,59,4.28,HK,1613163703
78,sorong,-0.8833,131.25,300.34,79,100,1.13,ID,1613163887
79,thompson,55.7435,-97.8558,244.15,76,20,1.54,CA,1613163608
80,hobart,-42.8794,147.3294,288.71,72,75,2.06,AU,1613163887
81,gao,16.6362,1.637,299.3,14,0,4.52,ML,1613163887
82,saint-philippe,-21.3585,55.7679,300.15,65,20,8.23,RE,1613163652
83,gondar,12.6,37.4667,287.22,36,0,2.4,ET,1613163888
84,saskylakh,71.9167,114.0833,240.58,82,5,1.67,RU,1613163736
85,nuuk,64.1835,-51.7216,265.15,86,75,6.69,GL,1613163888
86,fairmont,39.4851,-80.1426,275.93,82,99,0.85,US,1613163888
87,arlit,18.7369,7.3853,296.63,17,0,5.1,NE,1613163889
88,montenegro,42.5,19.3,277.15,33,75,8.23,ME,1613163889
89,korla,41.7597,86.1469,272.97,87,5,0.99,CN,1613163850
90,hermanus,-34.4187,19.2345,295.37,82,0,0.45,ZA,1613163761
91,leh,34.1667,77.5833,260.5,55,20,0.79,IN,1613163889
92,marabba,12.35,32.1833,299.81,18,0,5.18,SD,1613163890
93,isangel,-19.55,169.2667,298.15,94,90,2.39,VU,1613163644
94,kazachinskoye,57.6953,93.2761,246.72,87,100,1.88,RU,1613163890
95,torbay,47.6666,-52.7314,272.59,86,90,12.35,CA,1613163840
96,sept-iles,50.2001,-66.3821,268.15,53,90,5.14,CA,1613163701
97,saryg-sep,51.5,95.6,246.97,85,84,0.8,RU,1613163891
98,giyani,-23.3025,30.7187,294.62,93,100,3.35,ZA,1613163891
99,kahului,20.8947,-156.47,299.15,53,20,5.14,US,1613163891
100,kodiak,57.79,-152.4072,274.15,80,90,6.69,US,1613163680
101,kipushi,-11.7667,27.2333,291.09,97,100,2.44,CD,1613163891
102,ust-nera,64.5667,143.2,253.12,82,50,0.42,RU,1613163892
103,nikolskoye,59.7035,30.7861,255.37,85,75,3.0,RU,1613163892
104,bentonville,36.3728,-94.2088,265.15,86,90,5.14,US,1613163665
105,saint george,37.1041,-113.5841,289.82,36,75,1.15,US,1613163638
106,fare,-16.7,-151.0167,300.72,73,59,5.83,PF,1613163892
107,charcas,23.1333,-101.1167,291.26,23,11,5.86,MX,1613163892
108,rudiskes,54.5167,24.8333,258.71,85,0,5.66,LT,1613163893
109,tuatapere,-46.1333,167.6833,287.04,88,99,0.45,NZ,1613163820
110,kabo,7.6994,18.629,299.51,16,0,1.41,CF,1613163893
111,flin flon,54.7682,-101.865,246.15,63,20,0.29,CA,1613163882
112,dingle,10.9995,122.6711,296.94,90,93,1.57,PH,1613163893
113,tulsipur,28.131,82.2973,285.86,58,0,1.9,NP,1613163894
114,luwuk,-0.9516,122.7875,298.65,78,99,1.26,ID,1613163894
115,mehamn,71.0357,27.8492,262.15,85,0,7.2,NO,1613163812
116,aykhal,66.0,111.5,242.19,80,91,1.75,RU,1613163894
117,georgetown,5.4112,100.3354,300.15,83,20,2.29,MY,1613163789
118,lensk,60.7253,114.9278,249.78,88,100,1.61,RU,1613163894
119,provideniya,64.3833,-173.3,253.94,87,98,14.47,RU,1613163638
120,nhulunbuy,-12.2333,136.7667,296.15,100,75,3.09,AU,1613163895
121,port elizabeth,-33.918,25.5701,298.15,78,91,0.45,ZA,1613163895
122,correntina,-13.3433,-44.6367,298.18,81,66,0.17,BR,1613163895
123,manta,-0.95,-80.7333,302.15,74,75,4.12,EC,1613163718
124,koslan,63.4564,48.8989,250.53,90,87,0.89,RU,1613163896
125,grindavik,63.8424,-22.4338,278.15,70,75,14.92,IS,1613163896
126,verkhneyarkeyevo,55.4505,54.3145,272.58,98,100,3.92,RU,1613163896
127,urla,38.3229,26.764,280.15,93,0,0.51,TR,1613163896
128,smithers,54.7804,-127.1743,256.15,60,75,5.66,CA,1613163599
129,nadym,65.5333,72.5167,244.35,87,100,1.58,RU,1613163896
130,souillac,-20.5167,57.5167,299.15,78,40,7.72,MU,1613163897
131,aborlan,9.4352,118.5492,298.19,84,53,3.01,PH,1613163897
132,makat,47.6469,53.3463,275.11,85,96,8.85,KZ,1613163897
133,cabo rojo,18.0866,-67.1457,299.26,71,8,1.34,PR,1613163897
134,clarence town,-32.5833,151.7833,295.93,100,40,2.06,AU,1613163676
135,teya,60.3778,92.6267,245.32,84,100,1.46,RU,1613163898
136,thanh hoa,19.8,105.7667,289.29,79,31,0.81,VN,1613163771
137,berlevag,70.8578,29.0864,262.15,73,0,6.17,NO,1613163788
138,kilimatinde,-5.85,34.95,291.68,95,91,1.22,TZ,1613163898
139,nome,64.5011,-165.4064,272.15,74,90,12.35,US,1613163898
140,clyde river,70.4692,-68.5914,252.15,84,75,7.2,CA,1613163899
141,bethel,41.3712,-73.414,270.15,28,90,2.57,US,1613163737
142,barrow,71.2906,-156.7887,249.15,70,75,3.09,US,1613163838
143,buala,-8.145,159.5921,299.06,89,100,5.54,SB,1613163831
144,qaqortoq,60.7167,-46.0333,280.15,29,75,13.38,GL,1613163900
145,half moon bay,37.4636,-122.4286,288.71,82,20,7.2,US,1613163900
146,ternate,0.8,127.4,300.82,75,97,2.09,ID,1613163900
147,yarensk,62.1675,49.0916,249.25,89,36,1.88,RU,1613163900
148,padang,-0.9492,100.3543,297.15,88,75,1.03,ID,1613163646
149,iqaluit,63.7506,-68.5145,253.15,77,75,5.14,CA,1613163617
150,sinnamary,5.3833,-52.95,298.74,87,88,6.6,GF,1613163669
151,salalah,17.0151,54.0924,295.15,49,0,2.06,OM,1613163690
152,narsaq,60.9167,-46.05,280.15,29,75,13.38,GL,1613163788
153,tiksi,71.6872,128.8694,249.38,91,38,0.53,RU,1613163839
154,rawson,-43.3002,-65.1023,295.45,61,4,4.76,AR,1613163902
155,eureka,40.8021,-124.1637,284.82,88,100,3.13,US,1613163687
156,sao filipe,14.8961,-24.4956,295.88,64,0,8.8,CV,1613163902
157,bluff,-46.6,168.3333,287.04,88,99,0.45,NZ,1613163650
158,codrington,-38.2667,141.9667,288.36,78,40,4.12,AU,1613163903
159,maceio,-9.6658,-35.7353,299.15,78,20,4.63,BR,1613163685
160,jalingo,8.8833,11.3667,299.42,15,46,1.69,NG,1613163904
161,santa ana,33.7456,-117.8678,294.15,42,20,6.17,US,1613163733
162,maun,-19.9833,23.4167,294.15,100,20,1.54,BW,1613163904
163,malaya purga,56.5567,53.0043,262.59,90,100,1.34,RU,1613163905
164,qaanaaq,77.484,-69.3632,253.95,70,0,1.44,GL,1613163905
165,ranfurly,-45.1333,170.1,287.04,84,100,0.45,NZ,1613163905
166,longyearbyen,78.2186,15.6401,261.15,72,90,3.6,SJ,1613163760
167,belmonte,-15.8631,-38.8828,301.15,74,20,2.06,BR,1613163906
168,bandarbeyla,9.4942,50.8122,296.0,74,97,5.56,SO,1613163829
169,laguna,38.421,-121.4238,289.26,63,1,2.18,US,1613163660
170,meulaboh,4.1363,96.1285,298.32,85,94,1.82,ID,1613163906
171,porto belo,-27.1578,-48.5531,297.15,88,75,2.57,BR,1613163820
172,skibbereen,51.55,-9.2667,277.15,93,90,11.83,IE,1613163906
173,talnakh,69.4865,88.3972,243.73,86,100,0.35,RU,1613163907
174,anshun,26.25,105.9333,282.46,90,100,2.5,CN,1613163907
175,los llanos de aridane,28.6585,-17.9182,291.15,72,20,3.09,ES,1613163907
176,vila,42.0304,-8.1588,281.48,93,100,4.02,PT,1613163907
177,dikson,73.5069,80.5464,241.34,87,100,5.11,RU,1613163908
178,ulaangom,49.9811,92.0667,250.86,85,90,1.23,MN,1613163908
179,khatanga,71.9667,102.5,239.85,85,87,3.25,RU,1613163727
180,champerico,14.3,-91.9167,304.15,62,75,5.33,GT,1613163908
181,hasaki,35.7333,140.8333,276.15,93,20,3.09,JP,1613163729
182,nueva loja,0.0847,-76.8828,304.15,62,40,2.06,EC,1613163909
183,jinchang,38.4953,102.1739,276.27,67,100,2.82,CN,1613163876
184,alofi,-19.0595,-169.9187,301.15,89,75,4.12,NU,1613163766
185,evensk,61.95,159.2333,252.68,76,0,2.96,RU,1613163867
186,fengzhen,40.4394,113.1536,272.57,74,100,0.96,CN,1613163909
187,ilulissat,69.2167,-51.1,258.15,72,0,2.06,GL,1613163910
188,chunoyar,57.4467,97.3217,249.23,87,100,1.4,RU,1613163910
189,zhezkazgan,47.8043,67.7144,263.65,94,90,3.33,KZ,1613163910
190,cabo san lucas,22.8909,-109.9124,297.04,53,1,3.6,MX,1613163910
191,sitka,57.0531,-135.33,277.15,22,1,4.12,US,1613163911
192,tambun,-6.2641,107.0712,299.82,94,20,0.51,ID,1613163911
193,labuhan,-6.8844,112.2051,298.39,86,100,2.95,ID,1613163679
194,kharp,66.8014,65.8081,242.25,83,99,0.32,RU,1613163912
195,lat yao,15.751,99.7893,295.93,83,34,0.91,TH,1613163912
196,lata,40.1629,-8.3327,285.93,88,100,0.41,PT,1613163912
197,kropotkin,45.4375,40.5756,274.26,86,94,11.15,RU,1613163733
198,muborak,39.2553,65.1528,285.61,46,0,2.08,UZ,1613163912
199,hilo,19.7297,-155.09,300.15,50,1,2.06,US,1613163760
200,lebu,-37.6167,-73.65,290.09,76,36,5.87,CL,1613163913
201,hovd,48.0056,91.6419,258.38,86,0,0.75,MN,1613163870
202,el campo,29.1966,-96.2697,275.93,87,90,8.75,US,1613163776
203,galveston,29.3669,-94.9669,280.15,76,90,9.77,US,1613163913
204,coquimbo,-29.9533,-71.3436,294.15,68,20,4.63,CL,1613163914
205,alyangula,-13.8483,136.4192,298.15,100,75,3.1,AU,1613163914
206,ostrovnoy,68.0531,39.5131,257.11,92,100,5.05,RU,1613163813
207,sozimskiy,59.7418,52.2482,255.31,93,100,2.62,RU,1613163914
208,mahebourg,-20.4081,57.7,299.15,78,40,7.72,MU,1613163756
209,port blair,11.6667,92.75,298.9,77,81,3.93,IN,1613163915
210,camacha,33.0833,-16.3333,289.15,77,0,2.57,PT,1613163915
211,port lincoln,-34.7333,135.8667,288.8,86,2,2.51,AU,1613163798
212,kavaratti,10.5669,72.642,300.5,59,99,3.15,IN,1613163915
213,pevek,69.7008,170.3133,243.63,89,100,3.13,RU,1613163915
214,atuona,-9.8,-139.0333,299.21,79,5,6.47,PF,1613163916
215,bahia honda,22.9036,-83.1592,301.47,59,26,4.33,CU,1613163916
216,honiara,-9.4333,159.95,299.66,81,100,1.91,SB,1613163916
217,svetlyy,54.675,20.1347,270.93,85,40,0.72,RU,1613163916
218,whitehorse,60.7161,-135.0538,246.15,69,1,1.54,CA,1613163916
219,taltal,-25.4,-70.4833,294.84,62,22,2.29,CL,1613163678
220,elban,50.1018,136.5094,260.3,95,66,1.16,RU,1613163917
221,sochi,43.6,39.7303,275.15,87,90,4.0,RU,1613163917
222,la ronge,55.1001,-105.2842,246.15,63,47,2.57,CA,1613163906
223,beringovskiy,63.05,179.3167,248.07,88,100,12.88,RU,1613163917
224,biak,-0.9131,122.8766,298.13,79,95,0.65,ID,1613163856
225,saldanha,-33.0117,17.9442,293.15,83,0,4.63,ZA,1613163774
226,sortland,68.6949,15.4162,272.15,93,75,7.2,NO,1613163918
227,bambous virieux,-20.3428,57.7575,299.15,78,40,7.72,MU,1613163678
228,lavrentiya,65.5833,-171.0,250.33,88,100,10.06,RU,1613163918
229,nanortalik,60.1432,-45.2371,273.47,88,99,4.24,GL,1613163718
230,saint-pierre,-21.3393,55.4781,300.15,65,20,8.23,RE,1613163919
231,concarneau,47.875,-3.9225,275.15,69,90,3.6,FR,1613163919
232,miraflores,19.2167,-98.8083,293.15,15,40,7.72,MX,1613163919
233,kerema,-7.9631,145.7785,298.96,82,100,1.81,PG,1613163919
234,ashnak,40.3289,43.9185,277.15,70,85,1.03,AM,1613163920
235,arraial do cabo,-22.9661,-42.0278,299.15,78,90,5.66,BR,1613163835
236,ilebo,-4.3167,20.5833,297.19,78,79,0.15,CD,1613163920
237,gayny,60.3071,54.3241,254.91,93,100,1.94,RU,1613163920
238,susanville,40.4163,-120.653,282.15,53,1,4.12,US,1613163822
239,vestmanna,62.1564,-7.1664,276.15,65,75,7.2,FO,1613163921
240,cairns,-16.9167,145.7667,297.59,94,90,2.06,AU,1613163643
241,launceston,-41.45,147.1667,285.93,87,52,2.06,AU,1613163800
242,linhares,-19.3911,-40.0722,297.56,82,62,2.64,BR,1613163851
243,chokurdakh,70.6333,147.9167,243.08,73,33,1.52,RU,1613163922
244,port hardy,50.6996,-127.4199,274.15,47,75,11.32,CA,1613163922
245,auki,-8.7676,160.7034,299.1,87,100,5.32,SB,1613163743
246,chimoio,-19.1164,33.4833,296.15,88,75,3.6,MZ,1613163922
247,ostersund,63.1792,14.6357,265.37,79,0,7.2,SE,1613163922
248,tupancireta,-29.0806,-53.8358,297.75,75,68,0.29,BR,1613163923
249,broome,42.2506,-75.833,267.59,41,90,1.54,US,1613163923
250,aromashevo,56.8602,68.6375,249.06,89,28,3.18,RU,1613163923
251,kapit,2.0167,112.9333,296.02,95,99,0.49,MY,1613163923
252,azare,11.6765,10.1948,296.38,19,45,3.91,NG,1613163923
253,santa rosa,14.3122,121.1114,299.15,78,75,3.6,PH,1613163766
254,klaksvik,62.2266,-6.589,276.15,65,75,7.2,FO,1613163686
255,bengkulu,-3.8004,102.2655,298.43,81,99,1.71,ID,1613163882
256,tevriz,57.509,72.4042,246.11,87,44,2.13,RU,1613163924
257,kanungu,-0.9575,29.7897,293.79,57,98,1.23,UG,1613163924
258,homer,59.6425,-151.5483,274.82,75,90,3.6,US,1613163925
259,hirara,24.8,125.2833,294.59,80,4,8.7,JP,1613163925
260,kamen-na-obi,53.7884,81.3423,241.06,84,17,1.06,RU,1613163925
261,lahaina,20.8783,-156.6825,299.15,47,40,2.06,US,1613163925
262,doba,8.65,16.85,299.12,16,6,2.24,TD,1613163926
263,kedrovyy,56.1667,91.8167,243.15,76,0,1.0,RU,1613163926
264,tombouctou,20.0,-3.0,298.3,13,0,4.2,ML,1613163926
265,muros,42.7762,-9.0603,286.48,77,100,5.36,ES,1613163787
266,wakkanai,45.4094,141.6739,274.23,92,98,7.36,JP,1613163926
267,zhigansk,66.7697,123.3711,250.68,90,99,3.83,RU,1613163750
268,poum,-20.2333,164.0167,299.42,71,0,3.55,NC,1613163927
269,puteyets,65.1716,57.091,247.88,88,100,1.23,RU,1613163927
270,coahuayana,18.7333,-103.6833,296.15,53,40,3.09,MX,1613163927
271,stornoway,58.2093,-6.3865,276.15,65,32,7.2,GB,1613163928
272,erzin,36.9559,36.2,288.15,85,3,1.82,TR,1613163928
273,mataro,41.5421,2.4445,285.93,89,99,0.6,ES,1613163928
274,boromo,11.75,-2.9333,302.49,12,0,3.29,BF,1613163928
275,deputatskiy,69.3,139.9,247.75,90,100,1.27,RU,1613163928
276,kungurtug,50.5994,97.5228,245.87,79,43,0.66,RU,1613163929
277,nanyuki,0.0167,37.0728,289.39,79,100,2.43,KE,1613163929
278,aneho,6.2333,1.6,302.15,84,20,3.6,TG,1613163929
279,lorengau,-2.0226,147.2712,301.12,77,79,2.6,PG,1613163929
280,hamilton,39.1834,-84.5333,273.15,59,40,6.17,US,1613163854
281,hithadhoo,-0.6,73.0833,300.81,77,100,5.5,MV,1613163691
282,port-gentil,-0.7193,8.7815,302.15,84,40,4.12,GA,1613163695
283,lar,26.2039,83.9717,287.02,65,8,1.9,IN,1613163930
284,kawalu,-7.3817,108.2082,295.52,90,100,0.68,ID,1613163930
285,talcahuano,-36.7167,-73.1167,292.15,77,40,5.14,CL,1613163842
286,carauari,-4.8828,-66.8958,301.72,81,86,0.94,BR,1613163931
287,arica,-18.475,-70.3042,297.15,53,0,5.66,CL,1613163666
288,tromso,69.6496,18.957,269.26,80,75,0.51,NO,1613163662
289,port-cartier,50.0334,-66.8654,267.59,53,90,5.14,CA,1613163931
290,baykit,61.67,96.37,241.82,81,97,0.4,RU,1613163931
291,taft,31.7471,54.2088,283.15,27,0,1.03,IR,1613163932
292,neiafu,-18.65,-173.9833,300.15,89,40,2.06,TO,1613163687
293,college,64.8569,-147.8028,251.15,77,20,0.8,US,1613163676
294,yeppoon,-23.1333,150.7333,293.15,88,42,1.03,AU,1613163932
295,titay,7.8125,122.5344,296.11,90,71,1.41,PH,1613163932
296,kabalo,-6.05,26.9167,295.71,90,100,0.55,CD,1613163933
297,vondrozo,-22.8167,47.2833,292.68,100,100,0.91,MG,1613163849
298,yashalta,46.3395,42.2762,278.7,73,91,8.72,RU,1613163933
299,zitiste,45.485,20.5497,264.82,79,0,0.33,RS,1613163933
300,nosy varika,-20.5833,48.5333,297.6,91,100,3.55,MG,1613163933
301,ulcinj,41.9294,19.2244,278.15,33,75,8.23,ME,1613163934
302,pacifica,37.6138,-122.4869,287.59,82,20,7.2,US,1613163934
303,pangai,-19.8,-174.35,302.15,79,40,3.6,TO,1613163934
304,dawson creek,55.7666,-120.2362,258.15,56,1,2.57,CA,1613163934
305,ahipara,-35.1667,173.1667,292.67,58,0,1.56,NZ,1613163687
306,dmitrovsk-orlovskiy,52.505,35.1464,261.49,96,100,5.01,RU,1613163934
307,canon city,38.441,-105.2424,263.15,85,90,3.6,US,1613163935
308,san quintin,30.4833,-115.95,289.14,74,90,7.94,MX,1613163935
309,khandyga,62.6667,135.6,254.9,85,46,1.65,RU,1613163791
310,makakilo city,21.3469,-158.0858,299.15,57,40,2.57,US,1613163800
311,faanui,-16.4833,-151.75,300.69,75,33,5.99,PF,1613163809
312,hohhot,40.8106,111.6522,267.15,49,95,2.0,CN,1613163936
313,tiarei,-17.5333,-149.3333,303.15,66,75,5.66,PF,1613163936
314,cidreira,-30.1811,-50.2056,297.89,81,100,6.46,BR,1613163663
315,mount gambier,-37.8333,140.7667,287.15,94,90,4.63,AU,1613163672
316,longyan,25.1072,117.0225,288.15,78,88,0.89,CN,1613163916
317,tazovskiy,67.4667,78.7,234.83,82,30,2.01,RU,1613163808
318,vung tau,10.346,107.0843,295.44,85,0,6.27,VN,1613163937
319,vilhena,-12.7406,-60.1458,297.15,88,75,4.63,BR,1613163937
320,ulladulla,-35.35,150.4667,291.48,100,90,5.14,AU,1613163830
321,ambatofinandrahana,-20.55,46.8,289.89,95,100,2.7,MG,1613163851
322,san jose,37.3394,-121.895,289.82,51,20,6.69,US,1613163706
323,caravelas,-17.7125,-39.2481,298.76,75,0,2.85,BR,1613163938
324,ushtobe,45.2514,77.9838,268.74,98,100,5.34,KZ,1613163938
325,constitucion,-35.3333,-72.4167,292.22,73,25,5.48,CL,1613163938
326,kathmandu,27.7167,85.3167,283.15,93,75,1.03,NP,1613163802
327,tambopata,-12.7333,-69.1833,302.15,70,75,1.03,PE,1613163939
328,badarpur,24.9,92.6,288.55,61,0,0.96,IN,1613163939
329,disna,55.568,28.1971,259.99,92,100,6.83,BY,1613163939
330,garowe,8.4054,48.4845,291.04,68,89,3.78,SO,1613163856
331,thinadhoo,0.5333,72.9333,300.95,67,56,3.83,MV,1613163840
332,xinzhou,38.4092,112.7333,277.29,65,100,0.15,CN,1613163940
333,uige,-7.6087,15.0613,293.18,94,33,0.29,AO,1613163940
334,najran,17.4924,44.1277,289.15,39,0,1.03,SA,1613163940
335,borujerd,33.8973,48.7516,279.71,53,0,1.35,IR,1613163940
336,manoel urbano,-8.8389,-69.2597,298.84,83,83,1.83,BR,1613163940
337,manosque,43.8288,5.7869,279.82,92,100,1.34,FR,1613163941
338,san patricio,28.017,-97.5169,278.15,87,90,7.2,US,1613163664
339,xingcheng,40.6167,120.7167,274.27,92,100,1.6,CN,1613163941
340,alice springs,-23.7,133.8833,292.15,100,90,4.12,AU,1613163941
341,nantucket,41.2835,-70.0995,269.82,63,1,2.06,US,1613163817
342,somerset east,-32.7217,25.588,294.12,74,39,1.73,ZA,1613163942
343,mildura,-34.2,142.15,285.93,76,0,1.54,AU,1613163758
344,ucluelet,48.9329,-125.5528,275.37,41,90,4.63,CA,1613163724
345,te anau,-45.4167,167.7167,286.07,66,88,1.94,NZ,1613163942
346,quelimane,-17.8786,36.8883,298.1,92,4,2.01,MZ,1613163749
347,krasnoselkup,65.7,82.4667,236.17,82,0,2.01,RU,1613163943
348,dartford,51.4435,0.2196,272.59,64,75,9.26,GB,1613163943
349,karratha,-20.7377,116.8463,300.17,69,85,2.83,AU,1613163943
350,ilo,-17.6394,-71.3375,296.91,67,0,3.49,PE,1613163913
351,eugene,44.0521,-123.0867,278.15,87,90,3.09,US,1613163779
352,sao carlos,-22.0175,-47.8908,299.15,69,75,4.63,BR,1613163806
353,uruacu,-14.5247,-49.1408,296.21,92,100,1.96,BR,1613163720
354,kununurra,-15.7667,128.7333,299.15,100,79,1.95,AU,1613163944
355,anchorage,61.2181,-149.9003,268.15,67,1,2.06,US,1613163942
356,nishihara,26.1842,127.7558,292.15,94,75,5.14,JP,1613163944
357,mecca,21.4267,39.8261,297.63,61,0,1.54,SA,1613163945
358,nabire,-3.3667,135.4833,297.56,88,83,1.91,ID,1613163945
359,opuwo,-18.0607,13.84,291.66,85,89,4.37,NA,1613163815
360,manali,13.1667,80.2667,296.15,78,20,1.03,IN,1613163946
361,krutinka,56.0055,71.5113,247.63,89,0,3.72,RU,1613163946
362,bollene,44.2848,4.753,277.15,87,90,5.66,FR,1613163946
363,yanam,16.7333,82.2167,291.88,79,82,0.34,IN,1613163946
364,sorland,67.667,12.6934,274.15,80,90,4.63,NO,1613163946
365,dickson,36.077,-87.3878,269.15,93,90,4.63,US,1613163946
366,pangody,65.85,74.4859,240.06,84,100,1.24,RU,1613163947
367,koutiala,12.3917,-5.4642,302.02,14,0,3.91,ML,1613163947
368,yinchuan,38.4681,106.2731,276.64,59,100,2.24,CN,1613163947
369,rocha,-34.4833,-54.3333,294.41,89,100,3.97,UY,1613163926
370,xinzhi,36.4989,111.7047,281.53,54,100,1.28,CN,1613163948
371,ola,59.5833,151.2833,258.03,84,100,2.19,RU,1613163948
372,niono,14.2526,-5.993,302.66,13,30,3.95,ML,1613163948
373,aleksandrovsk-sakhalinskiy,50.8975,142.1561,267.29,96,100,2.58,RU,1613163948
374,hualmay,-11.0964,-77.6139,298.93,60,84,5.38,PE,1613163948
375,aklavik,68.2191,-135.0107,248.15,77,40,2.06,CA,1613163948
376,guilin,25.2819,110.2864,281.15,100,0,1.41,CN,1613163949
377,grand forks,47.9417,-97.4337,250.15,41,1,4.12,US,1613163772
378,el reno,35.5323,-97.955,263.15,79,90,6.69,US,1613163949
379,airai,-8.9266,125.4092,289.29,100,83,0.13,TL,1613163949
380,great yarmouth,52.6083,1.7305,272.15,64,75,8.23,GB,1613163726
381,acapulco,16.8634,-99.8901,301.15,65,20,4.63,MX,1613163752
382,krasnyy chikoy,50.3643,108.7512,245.81,83,0,1.12,RU,1613163950
383,marsh harbour,26.5412,-77.0636,297.73,78,56,6.66,BS,1613163913
384,roebourne,-20.7833,117.1333,299.82,71,44,3.28,AU,1613163950
385,charters towers,-20.1,146.2667,295.35,77,46,4.41,AU,1613163950
386,andenes,69.3143,16.1194,272.15,80,75,6.17,NO,1613163950
387,avera,33.194,-82.5271,280.15,83,90,4.12,US,1613163951
388,fairbanks,64.8378,-147.7164,255.15,84,1,0.78,US,1613163932
389,havelock,34.8791,-76.9013,280.93,100,90,7.2,US,1613163951
390,birobidzhan,48.8,132.95,260.12,94,6,1.74,RU,1613163952
391,tura,25.5198,90.2201,289.17,46,0,0.7,IN,1613163952
392,safaga,26.7292,33.9365,292.15,34,0,4.63,EG,1613163952
393,chuy,-33.6971,-53.4616,294.64,90,100,4.53,UY,1613163952
394,christchurch,-43.5333,172.6333,290.37,77,75,7.2,NZ,1613163777
395,yulara,-25.2406,130.9889,289.15,88,90,6.17,AU,1613163720
396,shevchenkove,49.6959,37.1735,263.15,79,75,8.0,UA,1613163953
397,benghazi,32.1167,20.0667,288.37,67,7,2.08,LY,1613163953
398,mackay,-21.15,149.2,293.15,88,67,2.06,AU,1613163786
399,salinas,36.6777,-121.6555,288.15,58,20,2.06,US,1613163499
400,imphal,24.8167,93.95,282.64,69,0,0.74,IN,1613163954
401,vao,-22.6667,167.4833,298.72,77,37,2.36,NC,1613163954
402,fortuna,40.5982,-124.1573,284.82,100,75,3.09,US,1613163721
403,prabumulih,-3.45,104.25,296.24,98,100,0.89,ID,1613163954
404,geraldton,-28.7667,114.6,296.15,60,40,3.6,AU,1613163840
405,inuvik,68.3499,-133.7218,262.15,62,71,3.6,CA,1613163955
406,chara,56.9064,118.2631,249.06,82,100,2.5,RU,1613163955
407,suicheng,33.8963,117.9331,280.12,94,0,2.46,CN,1613163955
408,alta floresta,-9.8756,-56.0861,299.15,94,40,2.57,BR,1613163955
409,sobolevo,54.4299,31.8996,260.01,94,100,10.59,RU,1613163955
410,daru,-9.0763,143.2092,298.66,87,100,2.51,PG,1613163870
411,rio grande,-32.035,-52.0986,298.15,78,40,7.72,BR,1613163792
412,erenhot,43.6475,111.9767,260.86,91,0,3.67,CN,1613163956
413,lagoa,39.05,-27.9833,288.16,76,86,12.14,PT,1613163787
414,nuevitas,21.5453,-77.2644,303.15,54,40,6.69,CU,1613163956
415,caledon,-34.23,19.4265,295.37,82,4,0.45,ZA,1613163957
416,pistsovo,57.179,40.5298,257.15,78,90,7.0,RU,1613163957
417,qasigiannguit,68.8193,-51.1922,258.15,72,0,2.06,GL,1613163957
418,pedernales,18.0384,-71.744,301.37,51,23,0.63,DO,1613163957
419,atchison,39.563,-95.1216,258.15,70,100,6.45,US,1613163958
420,horsham,51.064,-0.3272,270.37,68,0,5.14,GB,1613163958
421,haifa,32.8156,34.9892,288.46,71,0,3.44,IL,1613163958
422,zhaotong,27.3167,103.7167,279.07,86,61,2.56,CN,1613163958
423,camacari,-12.6975,-38.3242,302.15,61,40,5.14,BR,1613163959
424,saint simons,31.1352,-81.3901,287.04,94,90,7.72,US,1613163959
425,bagdarin,54.4333,113.6,249.63,81,100,2.49,RU,1613163959
426,hay river,60.8156,-115.7999,248.15,77,63,1.54,CA,1613163916
427,asau,46.4333,26.4,263.71,45,15,5.45,RO,1613163815
428,nalut,30.3333,10.85,286.72,37,0,0.92,LY,1613163959
429,tahta,26.7693,31.5021,289.15,33,0,4.12,EG,1613163960
430,bitung,1.4451,125.1824,298.15,94,40,1.46,ID,1613163960
431,khasan,42.4308,130.6434,271.59,95,48,1.99,RU,1613163960
432,port hawkesbury,45.6169,-61.3485,272.04,93,90,4.63,CA,1613163960
433,mana,5.6592,-53.7767,298.68,86,87,6.01,GF,1613163960
434,san carlos de bariloche,-41.1456,-71.3082,303.71,21,40,6.17,AR,1613163763
435,saint-augustin,51.226,-58.6502,267.76,93,39,5.11,CA,1613163961
436,takoradi,4.8845,-1.7554,300.67,84,19,5.06,GH,1613163961
437,ploemeur,47.7333,-3.4333,275.15,60,90,7.2,FR,1613163961
438,policoro,40.2115,16.6726,282.15,71,20,3.09,IT,1613163961
439,moerewa,-35.3833,174.0333,294.26,69,0,1.79,NZ,1613163962
440,urozhaynoye,44.7883,44.9228,277.74,97,100,2.01,RU,1613163962
441,czluchow,53.6672,17.3588,267.04,89,86,2.28,PL,1613163962
442,adrar,20.5022,-10.0711,294.52,17,0,5.2,MR,1613163962
443,the valley,18.217,-63.0578,300.15,69,40,7.72,AI,1613163962
444,gidole,5.65,37.3667,290.11,59,38,0.25,ET,1613163963
445,armacao de pera,37.1026,-8.357,286.15,94,0,3.09,PT,1613163963
446,dali,25.7,100.1833,279.03,69,0,1.93,CN,1613163963
447,rosarito,32.3333,-117.0333,289.15,67,75,4.12,MX,1613163963
448,murgab,37.4966,61.9714,281.15,66,0,2.06,TM,1613163963
449,gat,31.61,34.7642,287.04,100,1,1.2,IL,1613163964
450,ahuimanu,21.4447,-157.8378,299.15,53,20,3.6,US,1613163964
451,ponta do sol,32.6667,-17.1,287.59,73,4,1.34,PT,1613163964
452,bonavista,48.6499,-53.1147,272.59,93,100,5.66,CA,1613163964
453,zhoucheng,35.9122,116.3117,280.37,94,0,2.83,CN,1613163965
454,shenzhen,22.5455,114.0683,290.37,93,74,0.41,CN,1613163686
455,wanning,18.8003,110.3967,289.13,84,4,1.95,CN,1613163965
456,rosita,13.9268,-84.4032,304.44,42,23,2.64,NI,1613163965
457,san juan del sur,11.2529,-85.8705,303.15,58,0,2.06,NI,1613163965
458,los andes,-32.8337,-70.5983,300.37,99,58,1.34,CL,1613163966
459,norman wells,65.282,-126.8329,250.15,84,1,2.06,CA,1613163942
460,barra do garcas,-15.89,-52.2567,295.66,93,100,0.75,BR,1613163966
461,amga,60.8953,131.9608,257.15,91,100,0.92,RU,1613163966
462,olafsvik,64.8945,-23.7142,276.96,74,94,12.41,IS,1613163930
463,yar-sale,66.8333,70.8333,243.87,87,100,0.51,RU,1613163844
464,arawa,-6.2132,155.5367,299.34,79,100,1.01,PG,1613163967
465,richards bay,-28.783,32.0377,297.16,91,46,0.24,ZA,1613163967
466,peachtree city,33.3968,-84.5958,282.04,93,90,1.54,US,1613163895
467,cardston,49.2,-113.3019,257.15,55,92,2.06,CA,1613163968
468,tooele,40.5308,-112.2983,281.15,66,90,3.6,US,1613163968
469,praia da vitoria,38.7333,-27.0667,288.71,72,20,7.95,PT,1613163876
470,mozarlandia,-14.7447,-50.5706,298.81,88,100,2.03,BR,1613163968
471,benguela,-12.5763,13.4055,296.94,76,45,1.87,AO,1613163968
472,balaka,-14.9793,34.9558,294.94,92,100,2.1,MW,1613163968
473,bow island,49.8668,-111.3684,253.71,65,100,3.6,CA,1613163969
474,saint anthony,45.0205,-93.218,253.71,38,1,4.63,US,1613163894
475,vagur,61.4732,-6.8119,276.51,77,81,13.57,FO,1613163969
476,egvekinot,66.3167,-179.1667,244.9,84,100,8.96,RU,1613163969
477,carballo,43.213,-8.691,285.15,82,20,2.57,ES,1613163969
478,hachinohe,40.5,141.5,270.1,94,61,2.38,JP,1613163970
479,ust-kuyga,70.0167,135.6,250.52,84,97,1.47,RU,1613163744
480,goderich,43.7501,-81.7165,265.15,67,100,2.57,CA,1613163970
481,shimoda,34.6667,138.95,277.59,87,66,1.99,JP,1613163970
482,haimen,23.1935,116.6142,288.15,94,41,1.0,CN,1613163970
483,mabaruma,8.2,-59.7833,300.49,67,3,3.38,GY,1613163970
484,pangkalanbuun,-2.6833,111.6167,296.22,97,27,0.98,ID,1613163814
485,port said,31.2565,32.2841,289.15,82,0,1.03,EG,1613163971
486,inzhavino,52.3185,42.4937,275.04,97,100,7.02,RU,1613163971
487,axim,4.8699,-2.2405,300.85,83,8,4.6,GH,1613163972
488,tual,-5.6667,132.75,301.76,79,100,4.78,ID,1613163972
489,nanakuli,21.3906,-158.1547,298.71,57,40,2.57,US,1613163808
490,porterville,36.0652,-119.0168,288.71,62,90,4.12,US,1613163937
491,shelburne,44.0787,-80.2041,263.15,59,100,2.24,CA,1613163972
492,beaver dam,43.4578,-88.8373,259.26,61,1,2.57,US,1613163973
493,sudak,44.85,34.9667,271.15,86,61,8.35,UA,1613163973
494,cap malheureux,-19.9842,57.6142,298.15,79,19,4.02,MU,1613163923
495,namibe,-15.1961,12.1522,297.1,73,29,1.47,AO,1613163973
496,nassjo,57.6531,14.6968,259.15,92,0,1.54,SE,1613163840
497,dondo,-19.6094,34.7431,300.15,83,75,5.66,MZ,1613163973
498,naze,28.3667,129.4833,290.45,89,97,9.55,JP,1613163828
499,mountain home,43.133,-115.6912,273.71,80,90,3.09,US,1613163974
500,konotop,51.2403,33.2026,259.72,95,100,5.4,UA,1613163974
501,ivanteyevka,55.9711,37.9208,259.26,78,75,9.0,RU,1613163974
502,inhambane,-23.865,35.3833,299.56,86,84,5.48,MZ,1613163875
503,krasnoarmeysk,51.0239,45.6969,274.26,89,100,2.24,RU,1613163975
504,bilma,18.6853,12.9164,292.75,22,22,1.31,NE,1613163975
505,viedma,-40.8135,-62.9967,302.04,51,92,0.45,AR,1613163975
506,tilichiki,60.4667,166.1,244.0,83,0,5.85,RU,1613163975
507,tiznit,29.5833,-9.5,290.5,63,54,0.79,MA,1613163976
508,puga,21.5833,-104.8167,293.15,60,75,3.09,MX,1613163976
509,concordia,-31.393,-58.0209,295.37,88,75,5.14,AR,1613163976
510,parelhas,-6.6878,-36.6575,303.18,49,44,9.01,BR,1613163976
511,petropavl,54.8753,69.1628,252.76,92,77,4.05,KZ,1613163976
512,manavalakurichi,8.1333,77.3,299.15,73,20,2.83,IN,1613163810
513,kailua,21.4022,-157.7394,299.15,53,20,3.6,US,1613163977
514,lahij,13.1667,44.5833,295.3,59,37,1.95,YE,1613163977
515,heiligenhafen,54.3667,10.9833,268.15,86,40,2.57,DE,1613163977
516,mezen,65.8522,44.24,248.53,90,31,1.69,RU,1613163977
517,along,28.1667,94.7667,285.08,63,52,0.88,IN,1613163978
518,fukue,32.6881,128.8419,287.83,64,85,4.08,JP,1613163679
519,sur,22.5667,59.5289,293.65,59,0,3.1,OM,1613163978
520,ocos,14.5094,-92.1933,304.15,58,40,6.17,GT,1613163978
521,anahuac,27.2333,-100.15,278.15,100,90,3.09,MX,1613163978
522,prince rupert,54.3161,-130.3201,273.15,29,1,4.12,CA,1613163978
523,aksu,41.1231,80.2644,272.01,90,0,0.17,CN,1613163979
524,panaba,21.2833,-88.2667,303.91,50,26,7.09,MX,1613163979
525,suba,10.8438,121.0102,300.24,81,85,5.4,PH,1613163979
526,san rafael,-34.6177,-68.3301,302.29,31,56,5.14,AR,1613163735
527,aden,12.7794,45.0367,297.53,69,10,4.83,YE,1613163834
528,kushima,31.4583,131.2333,287.38,85,99,3.66,JP,1613163769
529,sioux lookout,50.1001,-91.917,250.15,41,75,1.03,CA,1613163980
530,mukhen,48.1,136.1,270.75,97,98,2.66,RU,1613163980
531,ust-maya,60.4167,134.5333,256.33,89,100,1.55,RU,1613163980
532,iracoubo,5.4802,-53.2011,298.69,87,86,6.47,GF,1613163980
533,ryotsu,38.0833,138.4333,279.25,63,0,2.29,JP,1613163980
534,rayachoti,14.05,78.75,289.61,83,96,2.12,IN,1613163981
535,pinotepa nacional,16.3167,-98.0167,303.92,44,4,5.27,MX,1613163981
536,de-kastri,51.4667,140.7833,264.37,96,100,0.79,RU,1613163981
537,abu samrah,35.3029,37.1841,283.52,74,0,2.85,SY,1613163982
538,macia,-25.0269,33.0989,297.33,95,100,3.97,MZ,1613163982
539,begunitsy,59.5855,29.3176,255.15,85,75,3.0,RU,1613163982
540,khandbari,27.3747,87.2039,285.21,57,52,1.13,NP,1613163982
541,paraiso,9.8383,-83.8656,301.15,57,40,4.63,CR,1613163982
542,gimli,50.6336,-96.9907,244.15,57,100,3.6,CA,1613163982
543,montrose,38.4166,-108.2673,280.93,54,100,4.02,US,1613163983
544,ayna,-12.65,-73.9167,293.01,75,89,1.67,PE,1613163983
545,inyonga,-6.7167,32.0667,291.49,92,100,1.02,TZ,1613163983
546,awbari,26.5921,12.7805,288.64,30,0,3.54,LY,1613163983
547,katakwi,1.8911,33.9661,299.77,39,100,0.82,UG,1613163983
548,ribas do rio pardo,-20.4431,-53.7592,301.13,61,96,1.57,BR,1613163984
549,horta,38.5333,-28.6333,289.15,77,40,10.29,PT,1613163984
550,lahat,-3.8,103.5333,296.59,93,100,0.78,ID,1613163984
